{
   "meta":{
      "currency":"NZD",
      "period":"Oct 25",
      "generated_at":"2026-02-22T06:47:07.220427Z",
      "engine_version":"0.4"
   },
   "summary":{
      "monthly_income":16238.31,
      "current_savings":-4286.89,
      "savings_goal":1000.0,
      "gap_to_close":5286.89,
      "status":"GOAL_TOO_AGGRESSIVE",
      "total_savings_after_cuts":-343.97
   },
   "cuts":{
      "Classes":{
         "original":90.0,
         "suggested":71.1,
         "cut_amount":18.9,
         "cut_pct":21.0,
         "impact_score":0.004793422146569
      },
      "DIY":{
         "original":88.65,
         "suggested":70.03,
         "cut_amount":18.62,
         "cut_pct":21.0,
         "impact_score":0.00472240848513835
      },
      "EATERY":{
         "original":266.47,
         "suggested":210.51,
         "cut_amount":55.96,
         "cut_pct":21.0,
         "impact_score":0.014192587477354567
      },
      "EMI":{
         "original":9983.029999999999,
         "suggested":7886.59,
         "cut_amount":2096.44,
         "cut_pct":21.0,
         "impact_score":0.5316995727488422
      },
      "Electricity":{
         "original":385.27,
         "suggested":304.36,
         "cut_amount":80.91,
         "cut_pct":21.0,
         "impact_score":0.020520411951264438
      },
      "Fees":{
         "original":8.0,
         "suggested":6.32,
         "cut_amount":1.68,
         "cut_pct":21.0,
         "impact_score":0.0004260819685839112
      },
      "Fitness":{
         "original":43.17,
         "suggested":34.1,
         "cut_amount":9.07,
         "cut_pct":21.0,
         "impact_score":0.00230033538991433
      },
      "Fruits/Veg":{
         "original":425.31,
         "suggested":335.99,
         "cut_amount":89.32,
         "cut_pct":21.0,
         "impact_score":0.022653357996377944
      },
      "Gambling":{
         "original":36.0,
         "suggested":28.44,
         "cut_amount":7.56,
         "cut_pct":21.0,
         "impact_score":0.0019173688586276003
      },
      "Grocery":{
         "original":394.79,
         "suggested":311.88,
         "cut_amount":82.91,
         "cut_pct":21.0,
         "impact_score":0.02102765239005481
      },
      "Insurance":{
         "original":2114.16,
         "suggested":2040.16,
         "cut_amount":74.0,
         "cut_pct":3.5,
         "impact_score":0.01876789623524371
      },
      "Laundry":{
         "original":31.0,
         "suggested":24.49,
         "cut_amount":6.51,
         "cut_pct":21.0,
         "impact_score":0.0016510676282626559
      },
      "MISC":{
         "original":1149.78,
         "suggested":908.33,
         "cut_amount":241.45,
         "cut_pct":21.0,
         "impact_score":0.06123660197296747
      },
      "Meat":{
         "original":75.97,
         "suggested":60.02,
         "cut_amount":15.95,
         "cut_pct":21.0,
         "impact_score":0.004045242499353205
      },
      "MedicalCare":{
         "original":132.82999999999998,
         "suggested":104.94,
         "cut_amount":27.89,
         "cut_pct":21.0,
         "impact_score":0.007073467918931716
      },
      "Mobile/Internet":{
         "original":167.20999999999998,
         "suggested":132.1,
         "cut_amount":35.11,
         "cut_pct":21.0,
         "impact_score":0.008904605902964954
      },
      "Parking":{
         "original":25.0,
         "suggested":19.75,
         "cut_amount":5.25,
         "cut_pct":21.0,
         "impact_score":0.0013315061518247226
      },
      "Payments":{
         "original":4044.0,
         "suggested":3194.76,
         "cut_amount":849.24,
         "cut_pct":21.0,
         "impact_score":0.2153844351191671
      },
      "Petrol":{
         "original":512.16,
         "suggested":404.61,
         "cut_amount":107.55,
         "cut_pct":21.0,
         "impact_score":0.027276854595952173
      },
      "Printing":{
         "original":19.98,
         "suggested":15.78,
         "cut_amount":4.2,
         "cut_pct":21.0,
         "impact_score":0.001065204921459778
      },
      "Savings":{
         "original":15.03,
         "suggested":11.87,
         "cut_amount":3.16,
         "cut_pct":21.0,
         "impact_score":0.0008014398932887854
      },
      "Shopping":{
         "original":100.37,
         "suggested":72.27,
         "cut_amount":28.1,
         "cut_pct":28.0,
         "impact_score":0.007126728165004706
      },
      "Subscriptions":{
         "original":8.68,
         "suggested":5.64,
         "cut_amount":3.04,
         "cut_pct":35.0,
         "impact_score":0.0007710054669613632
      },
      "Temple":{
         "original":60.0,
         "suggested":47.4,
         "cut_amount":12.6,
         "cut_pct":21.0,
         "impact_score":0.003195614764379334
      },
      "Transport":{
         "original":80.74,
         "suggested":69.44,
         "cut_amount":11.3,
         "cut_pct":14.0,
         "impact_score":0.0028659084791655934
      },
      "Water":{
         "original":167.6,
         "suggested":132.4,
         "cut_amount":35.2,
         "cut_pct":21.0,
         "impact_score":0.008927431722710521
      },
      "Withdrawals":{
         "original":100.0,
         "suggested":79.0,
         "cut_amount":21.0,
         "cut_pct":21.0,
         "impact_score":0.00532602460729889
      }
   },
   "coach_advice":"I love that you're taking proactive steps to reach your financial goal 🌱! You're aiming to save $1000/month, and that's a great start.\n\nLet's take a closer look at the suggested budget adjustments:\n\n* **Classes**: Cut $18.9 by finding free online courses or negotiating with your instructor to reduce the cost. You can also consider taking a class every other month instead of every month.\n* **DIY**: Cut $18.62 by identifying areas where you can save money on DIY projects, such as buying materials in bulk or repurposing items you already have.\n* **EATERY**: Cut $55.96 by cooking at home more often, meal planning, and packing your lunch for work.\n* **EMI**: Cut $2096.44 by paying more than the minimum payment on your loans and considering debt consolidation.\n* ...and many more categories!\n\nTo make these cuts painless, here are two specific tips:\n\n* Start small: Don't try to make drastic changes all at once. Begin with one or two categories and gradually work your way up.\n* Automate your savings: Set up automatic transfers from your checking account to your savings account to make saving easier and less prone to being neglected.\n\nUnfortunately, with these changes, you'll still be saving $-343.97/month, which is a bit too aggressive. I recommend aiming to save at least $500/month to make it more realistic. You got this, and I'm rooting for you!"
}